{
  "lgb_tuned": 0.3333598969037169,
  "xgboost": 0.33291790093415774,
  "stacking": 0.3337222021621254
}